replicate,gen,pop-id,pop-size,hetero,mean-phenotype,optimal-phenotype
0,5011,p3,40,4.33e-05,-4.18999,-20
0,5011,p3,40,4.33e-05,-4.18999,-20
0,5012,p3,80,4.42781e-05,-4.29115,-20
0,5012,p3,76,4.46641e-05,-4.28967,-20
0,5013,p3,116,4.47087e-05,-4.449,-20
0,5013,p3,99,4.41215e-05,-4.57017,-20
