replicate,gen,pop-id,pop-size,hetero,mean-phenotype,optimal-phenotype
0,5011,p3,20,1.7775e-05,-6.17206,-50
0,5011,p3,20,1.7775e-05,-6.17206,-50
0,5012,p3,40,4.90813e-05,-5.46283,-50
0,5012,p3,40,4.90813e-05,-5.46283,-50
0,5013,p3,60,4.19e-05,-5.8528,-50
0,5013,p3,55,3.98215e-05,-5.84211,-50
