replicate,gen,pop-id,pop-size,hetero,mean-phenotype,optimal-phenotype
0,5011,p3,50,5.7244e-05,0.936263,-30
0,5011,p3,50,5.7244e-05,0.936263,-30
0,5012,p3,100,5.19825e-05,0.500513,-30
0,5012,p3,74,4.89436e-05,0.198732,-30
0,5013,p3,121,4.5947e-05,0.0936351,-30
0,5013,p3,88,4.65315e-05,0.0835177,-30
