replicate,gen,pop-id,pop-size,hetero,mean-phenotype,optimal-phenotype
0,5011,p3,49,2.69513e-05,-11.6891,-20
0,5011,p3,49,2.69513e-05,-11.6891,-20
0,5012,p3,93,3.36293e-05,-11.6799,-20
0,5012,p3,93,3.36293e-05,-11.6799,-20
