replicate,gen,pop-id,pop-size,hetero,mean-phenotype,optimal-phenotype
0,5011,p3,50,9.0604e-05,-8.50375,-50
0,5011,p3,50,9.0604e-05,-8.50375,-50
0,5012,p3,101,8.9202e-05,-8.38876,-50
0,5012,p3,80,8.55375e-05,-8.42512,-50
