replicate,gen,pop-id,pop-size,hetero,mean-phenotype,optimal-phenotype
0,5011,p3,50,4.6006e-05,-0.700313,-30
0,5011,p3,50,4.6006e-05,-0.700313,-30
0,5012,p3,97,4.52981e-05,-0.585913,-30
0,5012,p3,75,4.54658e-05,-0.468578,-30
0,5013,p3,121,4.66034e-05,-0.768028,-30
0,5013,p3,90,4.75605e-05,-1.00949,-30
0,5014,p3,173,4.7464e-05,-0.814902,-30
0,5014,p3,145,4.69974e-05,-0.681321,-30
0,5015,p3,252,4.56429e-05,-0.593556,-30
0,5015,p3,167,4.49408e-05,-0.627,-30
