replicate,gen,pop-id,pop-size,hetero,mean-phenotype,optimal-phenotype
0,5011,p3,35,5.84735e-05,9.44638,-100
0,5011,p3,35,5.84735e-05,9.44638,-100
0,5012,p3,66,5.82254e-05,9.48484,-100
0,5012,p3,61,5.83486e-05,9.56514,-100
0,5013,p3,100,5.77325e-05,9.18318,-100
0,5013,p3,83,5.69742e-05,8.92629,-100
