replicate,gen,pop-id,pop-size,hetero,mean-phenotype,optimal-phenotype
0,5011,p3,30,6.955e-05,-28.0489,-50
0,5011,p3,30,6.955e-05,-28.0489,-50
0,5012,p3,59,6.85608e-05,-28.3458,-50
0,5012,p3,59,6.85608e-05,-28.3458,-50
0,5013,p3,89,6.82395e-05,-28.1868,-50
0,5013,p3,76,6.82271e-05,-28.0798,-50
0,5014,p3,136,6.98729e-05,-28.0286,-50
0,5014,p3,113,6.98218e-05,-28.0916,-50
0,5015,p3,205,7.00391e-05,-28.0616,-50
0,5015,p3,153,7.01758e-05,-27.9486,-50
