replicate,gen,pop-id,pop-size,hetero,mean-phenotype,optimal-phenotype
0,5011,p3,48,1.36697e-05,-18.8527,-50
0,5011,p3,48,1.36697e-05,-18.8527,-50
0,5012,p3,89,1.34181e-05,-18.9359,-50
0,5012,p3,70,1.35918e-05,-18.9625,-50
