replicate,gen,pop-id,pop-size,hetero,mean-phenotype,optimal-phenotype
0,5011,p3,46,3.37595e-05,-13.7502,-20
0,5011,p3,46,3.37595e-05,-13.7502,-20
0,5012,p3,89,3.44546e-05,-13.2435,-20
0,5012,p3,89,3.44546e-05,-13.2435,-20
