replicate,gen,pop-id,pop-size,hetero,mean-phenotype,optimal-phenotype
1,5050,p3,160,3.99656e-05,9.82369,-10
1,5100,p3,120,4.11375e-05,10.6446,-10
1,5150,p3,207,1.59028e-05,1.5063,-10
1,5200,p3,1387,1.86844e-05,-10.0549,-10
1,5250,p3,1312,2.81066e-05,-10.0672,-10
1,5300,p3,1377,4.11885e-05,-9.99308,-10
1,5350,p3,1284,5.05625e-05,-10.0542,-10
1,5400,p3,1414,5.89893e-05,-9.95994,-10
1,5450,p3,1383,7.34495e-05,-9.90994,-10
1,5500,p3,1478,8.87517e-05,-10.1322,-10
1,5550,p3,1279,9.26931e-05,-10.1467,-10
1,5600,p3,1378,0.000115127,-9.93598,-10
