replicate,gen,pop-id,pop-size,hetero,mean-phenotype,optimal-phenotype
1,5050,p3,154,4.49481e-05,6.26455,-50
1,5100,p3,106,5.68111e-05,6.26302,-50
1,5150,p3,129,4.50769e-05,7.48425,-50
1,5200,p3,159,6.57561e-05,6.4524,-50
1,5250,p3,143,7.12942e-05,8.10237,-50
1,5300,p3,116,5.71169e-05,7.67309,-50
1,5350,p3,156,8.96127e-05,9.21838,-50
1,5400,p3,191,0.000100529,8.81407,-50
1,5450,p3,123,9.64357e-05,10.0614,-50
1,5500,p3,124,0.000124201,11.4895,-50
1,5550,p3,132,0.000124534,11.6904,-50
1,5600,p3,103,0.000104303,6.06851,-50
