replicate,gen,pop-id,pop-size,hetero,mean-phenotype,optimal-phenotype
1,5050,p3,1386,2.11482e-05,-19.3245,-20
1,5100,p3,1236,3.45533e-05,-19.5341,-20
1,5150,p3,1340,4.33799e-05,-19.8252,-20
1,5200,p3,1328,4.36665e-05,-19.9814,-20
1,5250,p3,1403,4.99504e-05,-20.245,-20
1,5300,p3,1422,6.08276e-05,-20.1182,-20
1,5350,p3,1480,7.322e-05,-20.168,-20
1,5400,p3,1459,6.89517e-05,-19.9122,-20
1,5450,p3,1297,6.78762e-05,-19.7822,-20
1,5500,p3,1305,7.73506e-05,-19.8487,-20
1,5550,p3,1315,8.46836e-05,-19.923,-20
1,5600,p3,1283,9.79375e-05,-19.9819,-20
