replicate,gen,pop-id,pop-size,hetero,mean-phenotype,optimal-phenotype
1,5050,p3,1271,2.73214e-05,-12.7307,-10
1,5100,p3,1306,4.38421e-05,-10.2551,-10
1,5150,p3,1472,5.271e-05,-10.004,-10
1,5200,p3,1198,6.2276e-05,-9.96642,-10
1,5250,p3,1289,6.34901e-05,-10.0885,-10
1,5300,p3,1318,6.66299e-05,-10.0815,-10
1,5350,p3,1335,7.26493e-05,-10.0508,-10
1,5400,p3,1273,8.05186e-05,-10.0752,-10
1,5450,p3,1385,9.43574e-05,-10.1244,-10
1,5500,p3,1377,9.98928e-05,-10.2523,-10
1,5550,p3,1408,0.0001023,-10.1628,-10
1,5600,p3,1266,0.000106981,-10.1363,-10
