replicate,gen,pop-id,pop-size,hetero,mean-phenotype,optimal-phenotype
1,5050,p3,128,3.20078e-05,9.95326,-10
1,5100,p3,128,5.01324e-05,10.8327,-10
1,5150,p3,140,6.24028e-05,10.4797,-10
1,5200,p3,128,5.48801e-05,9.34493,-10
1,5250,p3,103,3.74456e-05,4.77806,-10
1,5300,p3,1193,2.83254e-05,-9.00574,-10
1,5350,p3,1153,3.23319e-05,-9.89683,-10
1,5400,p3,1283,3.75557e-05,-9.93712,-10
1,5450,p3,1282,4.34692e-05,-10.0421,-10
1,5500,p3,1363,4.63427e-05,-10.0913,-10
1,5550,p3,1316,5.4142e-05,-9.71571,-10
1,5600,p3,1248,6.55147e-05,-9.98528,-10
