replicate,gen,pop-id,pop-size,hetero,mean-phenotype,optimal-phenotype
1,5050,p3,214,8.76928e-05,-18.933,-30
1,5100,p3,1328,5.27543e-05,-28.8929,-30
1,5150,p3,1378,5.26201e-05,-29.7951,-30
1,5200,p3,1368,7.26942e-05,-29.9386,-30
1,5250,p3,1278,8.29865e-05,-29.9588,-30
1,5300,p3,1285,8.63053e-05,-30.1191,-30
1,5350,p3,1242,0.000100915,-29.9381,-30
1,5400,p3,1322,0.000114587,-30.0509,-30
1,5450,p3,1318,0.000113729,-30.0794,-30
1,5500,p3,1410,0.000113154,-30.2168,-30
1,5550,p3,1195,0.000125617,-30.1568,-30
1,5600,p3,1399,0.000136804,-30.0099,-30
