replicate,gen,pop-id,pop-size,hetero,mean-phenotype,optimal-phenotype
1,5011,p3,47,3.73676e-05,-19.0653,-30
1,5011,p3,47,3.73676e-05,-19.0653,-30
1,5012,p3,97,3.3841e-05,-18.9686,-30
1,5012,p3,96,3.40701e-05,-18.9812,-30
1,5013,p3,134,3.6397e-05,-18.9956,-30
1,5013,p3,113,3.73048e-05,-19.0259,-30
