replicate,gen,pop-id,pop-size,hetero,mean-phenotype,optimal-phenotype
1,5011,p3,47,3.40403e-05,31.1005,-100
1,5011,p3,47,3.40403e-05,31.1005,-100
1,5012,p3,93,4.08562e-05,31.3695,-100
1,5012,p3,81,4.20195e-05,31.3424,-100
1,5013,p3,128,4.45541e-05,31.3691,-100
1,5013,p3,99,4.56137e-05,31.2407,-100
1,5014,p3,268,4.29563e-05,31.0937,-100
1,5014,p3,230,4.17146e-05,31.0237,-100
1,5015,p3,469,3.79451e-05,31.0107,-100
1,5015,p3,292,3.52147e-05,31.0001,-100
