replicate,gen,pop-id,pop-size,hetero,mean-phenotype,optimal-phenotype
1,5011,p3,44,3.17924e-05,6.73456,-50
1,5011,p3,44,3.17924e-05,6.73456,-50
1,5012,p3,104,2.77367e-05,6.40949,-50
1,5012,p3,88,2.61105e-05,6.3605,-50
1,5013,p3,148,2.63742e-05,6.41231,-50
1,5013,p3,105,2.65179e-05,6.50516,-50
1,5014,p3,221,2.99154e-05,6.5979,-50
1,5014,p3,175,3.06669e-05,6.592,-50
