replicate,gen,pop-id,pop-size,hetero,mean-phenotype,optimal-phenotype
1,5050,p3,132,1.70575e-05,-1.37015,-20
1,5100,p3,132,2.34122e-05,-2.47675,-20
1,5150,p3,598,2.48515e-05,-13.74,-20
1,5200,p3,1349,4.98466e-05,-19.7852,-20
1,5250,p3,1274,6.48003e-05,-19.9857,-20
1,5300,p3,1370,6.96882e-05,-19.909,-20
1,5350,p3,1327,9.60041e-05,-20.1704,-20
1,5400,p3,1395,0.000110148,-20.0559,-20
1,5450,p3,1334,0.00013035,-19.9916,-20
1,5500,p3,1249,0.000151986,-19.9966,-20
1,5550,p3,1395,0.000151488,-20.0358,-20
1,5600,p3,1304,0.000153785,-20.044,-20
