replicate,gen,pop-id,pop-size,hetero,mean-phenotype,optimal-phenotype
1,5050,p3,133,2.6149e-05,-0.0858772,-30
1,5100,p3,138,3.63506e-05,1.24314,-30
1,5150,p3,137,4.25902e-05,1.5141,-30
1,5200,p3,110,4.93727e-05,4.05258,-30
1,5250,p3,138,4.63968e-05,4.59403,-30
1,5300,p3,101,2.97544e-05,4.30177,-30
1,5350,p3,157,1.943e-05,3.56406,-30
1,5400,p3,121,1.88553e-05,3.28456,-30
1,5450,p3,161,2.97849e-05,2.02975,-30
1,5500,p3,140,3.57222e-05,1.9827,-30
1,5550,p3,153,4.30223e-05,1.96205,-30
1,5600,p3,152,4.56925e-05,1.11317,-30
