replicate,gen,pop-id,pop-size,hetero,mean-phenotype,optimal-phenotype
1,5050,p3,143,4.69849e-05,26.1442,-50
1,5100,p3,162,3.54529e-05,26.7882,-50
1,5150,p3,100,5.13285e-05,25.2824,-50
1,5200,p3,112,5.1537e-05,24.5215,-50
1,5250,p3,126,3.94917e-05,26.8743,-50
1,5300,p3,98,2.63281e-05,27.0173,-50
1,5350,p3,97,3.50755e-05,29.481,-50
1,5400,p3,122,7.23418e-05,27.9475,-50
1,5450,p3,136,5.98629e-05,30.0989,-50
1,5500,p3,109,3.80612e-05,30.2063,-50
1,5550,p3,121,3.65938e-05,30.804,-50
1,5600,p3,130,7.01444e-05,30.9591,-50
