replicate,gen,pop-id,pop-size,hetero,mean-phenotype,optimal-phenotype
1,5011,p3,40,0.000177169,-23.1084,-100
1,5011,p3,40,0.000177169,-23.1084,-100
1,5012,p3,80,0.0001786,-22.9987,-100
1,5012,p3,70,0.000178221,-22.9101,-100
1,5013,p3,110,0.000175531,-22.6652,-100
1,5013,p3,88,0.000173892,-22.5968,-100
1,5014,p3,209,0.000176223,-22.9661,-100
1,5014,p3,184,0.00017674,-23.0538,-100
1,5015,p3,400,0.000179364,-23.1155,-100
1,5015,p3,268,0.000181307,-23.3355,-100
1,5016,p3,395,0.000180746,-23.4308,-100
1,5016,p3,175,0.000180077,-23.5344,-100
1,5017,p3,269,0.000179731,-23.1289,-100
1,5017,p3,139,0.000178595,-22.7188,-100
