replicate,gen,pop-id,pop-size,hetero,mean-phenotype,optimal-phenotype
1,5011,p3,50,4.0812e-05,-28.4848,-30
1,5011,p3,50,4.0812e-05,-28.4848,-30
1,5012,p3,96,4.18359e-05,-29.0557,-30
1,5012,p3,96,4.18359e-05,-29.0557,-30
