replicate,gen,pop-id,pop-size,hetero,mean-phenotype,optimal-phenotype
1,5050,p3,152,2.76348e-05,10.4574,-30
1,5100,p3,64,3.08337e-05,9.38538,-30
1,5150,p3,115,2.03127e-05,10.665,-30
1,5200,p3,152,3.27305e-05,11.6066,-30
1,5250,p3,163,3.09225e-05,11.0873,-30
1,5300,p3,148,3.22096e-05,12.8923,-30
1,5350,p3,124,3.04328e-05,13.1009,-30
1,5400,p3,110,2.91054e-05,12.7375,-30
1,5450,p3,111,4.10271e-05,14.9244,-30
1,5500,p3,142,4.76066e-05,14.0632,-30
1,5550,p3,165,7.32577e-05,13.0169,-30
1,5600,p3,96,5.85753e-05,11.511,-30
