replicate,gen,pop-id,pop-size,hetero,mean-phenotype,optimal-phenotype
1,5011,p3,36,0.000176933,-1.35746,-20
1,5011,p3,36,0.000176933,-1.35746,-20
1,5012,p3,76,0.000187332,-1.68867,-20
1,5012,p3,72,0.000190589,-1.92582,-20
1,5013,p3,108,0.000194187,-2.30331,-20
1,5013,p3,85,0.000199546,-2.99376,-20
1,5014,p3,202,0.000197503,-2.72207,-20
1,5014,p3,182,0.000199488,-2.9352,-20
1,5015,p3,390,0.000193471,-2.29683,-20
1,5015,p3,275,0.000200365,-2.96796,-20
