replicate,gen,pop-id,pop-size,hetero,mean-phenotype,optimal-phenotype
1,5011,p3,50,2.5658e-05,-4.4254,-50
1,5011,p3,50,2.5658e-05,-4.4254,-50
1,5012,p3,96,2.58084e-05,-4.35294,-50
1,5012,p3,77,2.57522e-05,-4.36895,-50
1,5013,p3,127,2.49516e-05,-4.3388,-50
1,5013,p3,98,2.46876e-05,-4.35149,-50
1,5014,p3,236,2.44843e-05,-4.32827,-50
1,5014,p3,201,2.46373e-05,-4.33739,-50
1,5015,p3,409,2.51949e-05,-4.35765,-50
1,5015,p3,251,2.55364e-05,-4.37261,-50
