replicate,gen,pop-id,pop-size,hetero,mean-phenotype,optimal-phenotype
1,5050,p3,176,1.87132e-05,9.26093,-10
1,5100,p3,132,3.27146e-05,7.15313,-10
1,5150,p3,1358,1.62113e-05,-9.67664,-10
1,5200,p3,1298,2.75104e-05,-9.94029,-10
1,5250,p3,1362,3.3094e-05,-10.2785,-10
1,5300,p3,1368,5.09393e-05,-10.1811,-10
1,5350,p3,1375,6.49611e-05,-9.84182,-10
1,5400,p3,1227,6.08343e-05,-10.1249,-10
1,5450,p3,1361,6.36208e-05,-9.89693,-10
1,5500,p3,1382,7.56389e-05,-9.93584,-10
1,5550,p3,1408,7.73052e-05,-10.2493,-10
1,5600,p3,1353,7.36415e-05,-9.90139,-10
