replicate,gen,pop-id,pop-size,hetero,mean-phenotype,optimal-phenotype
1,5050,p3,128,7.30264e-05,-28.2697,-10
1,5100,p3,805,2.69481e-05,-14.4547,-10
1,5150,p3,1270,2.9644e-05,-10.3149,-10
1,5200,p3,1318,4.58644e-05,-10.0067,-10
1,5250,p3,1311,5.52395e-05,-10.068,-10
1,5300,p3,1215,6.30194e-05,-10.0186,-10
1,5350,p3,1410,7.47277e-05,-10.122,-10
1,5400,p3,1400,8.73905e-05,-10.0233,-10
1,5450,p3,1191,9.24932e-05,-9.87966,-10
1,5500,p3,1365,0.000100502,-10.0147,-10
1,5550,p3,1288,0.000120785,-10.0821,-10
1,5600,p3,1350,0.000133036,-9.85766,-10
