replicate,gen,pop-id,pop-size,hetero,mean-phenotype,optimal-phenotype
1,5050,p3,206,6.82204e-05,-14.5001,-50
1,5100,p3,109,6.0526e-05,-16.62,-50
1,5150,p3,140,7.18607e-05,-16.4138,-50
1,5200,p3,120,9.4558e-05,-14.5479,-50
1,5250,p3,135,0.000106884,-14.6758,-50
1,5300,p3,127,9.71613e-05,-16.739,-50
1,5350,p3,190,0.000127196,-16.5588,-50
1,5400,p3,102,0.000128889,-17.3846,-50
1,5450,p3,138,0.000145764,-17.6081,-50
1,5500,p3,121,2.05768e-05,-17.8714,-50
1,5550,p3,92,2.60474e-05,-19.4756,-50
1,5600,p3,136,3.48346e-05,-20.1774,-50
