replicate,gen,pop-id,pop-size,hetero,mean-phenotype,optimal-phenotype
1,5050,p3,92,3.45682e-05,-0.854253,-50
1,5100,p3,120,4.47507e-05,0.211767,-50
1,5150,p3,167,5.01011e-05,0.794876,-50
1,5200,p3,122,5.38464e-05,1.96392,-50
1,5250,p3,142,6.14761e-05,0.684795,-50
1,5300,p3,148,3.95423e-05,3.91219,-50
1,5350,p3,135,7.39783e-05,4.47889,-50
1,5400,p3,129,8.01836e-05,5.61885,-50
1,5450,p3,168,6.2931e-05,8.64149,-50
1,5500,p3,149,2.25075e-05,8.31595,-50
1,5550,p3,147,3.36737e-05,10.5359,-50
1,5600,p3,128,4.02081e-05,9.94751,-50
