replicate,gen,pop-id,pop-size,hetero,mean-phenotype,optimal-phenotype
1,5050,p3,127,5.92303e-05,19.7907,-20
1,5100,p3,176,5.70267e-05,19.5133,-20
1,5150,p3,97,7.38957e-05,19.6322,-20
1,5200,p3,112,5.80066e-05,20.8706,-20
1,5250,p3,143,4.1505e-05,19.9748,-20
1,5300,p3,134,3.60757e-05,21.9629,-20
1,5350,p3,152,6.25602e-05,22.7812,-20
1,5400,p3,139,7.12197e-05,23.4852,-20
1,5450,p3,122,5.17979e-05,23.0949,-20
1,5500,p3,163,1.94309e-05,23.7136,-20
1,5550,p3,118,1.81155e-05,25.7177,-20
1,5600,p3,100,2.17795e-05,23.2145,-20
