replicate,gen,pop-id,pop-size,hetero,mean-phenotype,optimal-phenotype
1,5011,p3,59,1.25409e-05,8.60574,-20
1,5011,p3,59,1.25409e-05,8.60574,-20
1,5012,p3,115,1.57898e-05,8.43667,-20
1,5012,p3,87,1.71119e-05,8.3383,-20
1,5013,p3,147,1.7788e-05,8.25392,-20
1,5013,p3,108,1.69539e-05,8.28848,-20
