replicate,gen,pop-id,pop-size,hetero,mean-phenotype,optimal-phenotype
1,5011,p3,60,7.70375e-05,-13.4611,-10
1,5011,p3,60,7.70375e-05,-13.4611,-10
1,5012,p3,119,7.75185e-05,-13.5885,-10
1,5012,p3,119,7.75185e-05,-13.5885,-10
1,5013,p3,174,7.66019e-05,-13.5965,-10
1,5013,p3,174,7.66019e-05,-13.5965,-10
1,5014,p3,286,7.51903e-05,-13.6589,-10
1,5014,p3,285,7.5223e-05,-13.6507,-10
