replicate,gen,pop-id,pop-size,hetero,mean-phenotype,optimal-phenotype
0,5050,p3,162,1.46001e-05,29.883,-30
0,5100,p3,174,3.82068e-05,28.5057,-30
0,5150,p3,152,4.56159e-05,28.3437,-30
0,5200,p3,162,4.04986e-05,27.633,-30
0,5250,p3,143,3.38738e-05,28.8109,-30
0,5300,p3,158,4.1268e-05,28.7714,-30
0,5350,p3,90,4.76796e-05,28.9389,-30
0,5400,p3,154,5.40268e-05,28.8232,-30
0,5450,p3,136,5.61392e-05,28.0925,-30
0,5500,p3,133,4.51577e-05,27.9735,-30
0,5550,p3,156,3.592e-05,29.1606,-30
0,5600,p3,174,3.76427e-05,30.276,-30
