replicate,gen,pop-id,pop-size,hetero,mean-phenotype,optimal-phenotype
0,5050,p3,151,5.95103e-05,20.2013,-20
0,5100,p3,144,5.69618e-05,17.7454,-20
0,5150,p3,145,4.5141e-05,18.0415,-20
0,5200,p3,99,5.46153e-05,18.2134,-20
0,5250,p3,154,6.60016e-05,13.093,-20
0,5300,p3,132,5.22587e-05,17.74,-20
0,5350,p3,115,5.20741e-05,17.6762,-20
0,5400,p3,112,5.0558e-05,16.2909,-20
0,5450,p3,118,4.41852e-05,20.0454,-20
0,5500,p3,139,6.73159e-05,20.0097,-20
0,5550,p3,128,8.06735e-05,19.6346,-20
0,5600,p3,141,6.55153e-05,15.2027,-20
