replicate,gen,pop-id,pop-size,hetero,mean-phenotype,optimal-phenotype
0,5050,p3,152,4.38138e-05,9.35083,-30
0,5100,p3,149,3.7794e-05,12.9058,-30
0,5150,p3,152,6.51136e-05,10.8062,-30
0,5200,p3,106,6.7828e-05,14.194,-30
0,5250,p3,107,5.69434e-05,17.4343,-30
0,5300,p3,140,6.9311e-05,17.6196,-30
0,5350,p3,143,7.02159e-05,18.8959,-30
0,5400,p3,108,8.72767e-05,18.4702,-30
0,5450,p3,138,3.59097e-05,14.1081,-30
0,5500,p3,129,4.40587e-05,16.3107,-30
0,5550,p3,132,4.54072e-05,16.4929,-30
0,5600,p3,153,6.03264e-05,13.1526,-30
