replicate,gen,pop-id,pop-size,hetero,mean-phenotype,optimal-phenotype
0,5011,p3,60,7.12681e-05,10.5494,-30
0,5011,p3,60,7.12681e-05,10.5494,-30
0,5012,p3,120,6.98458e-05,10.842,-30
0,5012,p3,91,7.03279e-05,10.9171,-30
