replicate,gen,pop-id,pop-size,hetero,mean-phenotype,optimal-phenotype
0,5050,p3,161,2.63202e-05,-8.88128,-50
0,5100,p3,103,3.03978e-05,-9.96399,-50
0,5150,p3,125,4.51933e-05,-9.99863,-50
0,5200,p3,94,5.69256e-05,-8.096,-50
0,5250,p3,135,5.18148e-05,-9.98369,-50
0,5300,p3,167,4.84103e-05,-11.1521,-50
0,5350,p3,111,5.6999e-05,-10.0547,-50
0,5400,p3,164,2.92988e-05,-8.92854,-50
0,5450,p3,116,3.02151e-05,-7.62218,-50
0,5500,p3,100,3.67675e-05,-9.29014,-50
0,5550,p3,136,3.53687e-05,-11.2054,-50
0,5600,p3,166,5.32989e-05,-12.282,-50
