replicate,gen,pop-id,pop-size,hetero,mean-phenotype,optimal-phenotype
0,5050,p3,140,3.30105e-05,10.06,-30
0,5100,p3,121,5.82791e-05,7.18176,-30
0,5150,p3,111,9.03242e-05,5.23443,-30
0,5200,p3,127,0.000101265,4.39317,-30
0,5250,p3,149,0.000109783,4.3253,-30
0,5300,p3,114,9.8009e-05,4.8069,-30
0,5350,p3,136,7.27776e-05,5.84284,-30
0,5400,p3,117,2.34451e-05,7.84219,-30
0,5450,p3,128,3.24707e-05,6.85725,-30
0,5500,p3,186,5.86503e-05,5.59872,-30
0,5550,p3,108,4.61077e-05,6.0184,-30
0,5600,p3,153,3.99045e-05,5.66741,-30
