replicate,gen,pop-id,pop-size,hetero,mean-phenotype,optimal-phenotype
0,5011,p3,40,3.33688e-05,9.34082,-100
0,5011,p3,40,3.33688e-05,9.34082,-100
0,5012,p3,79,3.34554e-05,9.3692,-100
0,5012,p3,71,3.35816e-05,9.34292,-100
0,5013,p3,109,3.37682e-05,9.44417,-100
0,5013,p3,88,3.40018e-05,9.48081,-100
0,5014,p3,241,3.45558e-05,9.37455,-100
0,5014,p3,212,3.44731e-05,9.34273,-100
0,5015,p3,428,3.46363e-05,9.3521,-100
0,5015,p3,264,3.45389e-05,9.39734,-100
0,5016,p3,403,3.50659e-05,9.36592,-100
0,5016,p3,182,3.52655e-05,9.34909,-100
