replicate,gen,pop-id,pop-size,hetero,mean-phenotype,optimal-phenotype
0,5050,p3,122,4.55681e-05,29.5468,-30
0,5100,p3,179,6.1026e-05,28.2559,-30
0,5150,p3,125,7.3103e-05,28.5988,-30
0,5200,p3,149,7.07995e-05,25.7333,-30
0,5250,p3,117,2.38962e-05,23.5257,-30
0,5300,p3,137,3.03546e-05,23.5029,-30
0,5350,p3,119,2.8296e-05,22.0082,-30
0,5400,p3,123,2.08084e-05,22.7456,-30
0,5450,p3,75,1.67058e-05,22.7544,-30
0,5500,p3,133,2.39796e-05,23.9567,-30
0,5550,p3,95,1.74089e-05,24.1321,-30
0,5600,p3,149,1.82737e-05,24.6369,-30
