replicate,gen,pop-id,pop-size,hetero,mean-phenotype,optimal-phenotype
0,5011,p3,29,3.58264e-05,-22.2576,-20
0,5011,p3,29,3.58264e-05,-22.2576,-20
0,5012,p3,53,3.45514e-05,-22.4291,-20
0,5012,p3,53,3.45514e-05,-22.4291,-20
