replicate,gen,pop-id,pop-size,hetero,mean-phenotype,optimal-phenotype
0,5050,p3,1286,2.70193e-05,-28.3597,-30
0,5100,p3,1297,4.33303e-05,-30.0906,-30
0,5150,p3,1363,5.79816e-05,-30.2263,-30
0,5200,p3,1331,6.52202e-05,-30.0438,-30
0,5250,p3,1354,7.90402e-05,-29.773,-30
0,5300,p3,1409,7.8403e-05,-29.8261,-30
0,5350,p3,1266,8.78457e-05,-29.876,-30
0,5400,p3,1372,8.58417e-05,-29.8838,-30
0,5450,p3,1318,0.000100769,-29.9726,-30
0,5500,p3,1322,0.000109033,-30.1476,-30
0,5550,p3,1389,0.000123934,-29.9917,-30
0,5600,p3,1385,0.000143381,-30.1882,-30
