replicate,gen,pop-id,pop-size,hetero,mean-phenotype,optimal-phenotype
0,5050,p3,1056,7.67165e-05,-19.2927,-20
0,5100,p3,1146,9.09358e-05,-19.8293,-20
0,5150,p3,1088,0.000100934,-20.2629,-20
0,5200,p3,1051,0.000112183,-20.5026,-20
0,5250,p3,1160,0.000121641,-20.0462,-20
0,5300,p3,1075,0.000137172,-20.0257,-20
0,5350,p3,1404,0.000161438,-19.9299,-20
0,5400,p3,1309,0.000170073,-19.9536,-20
0,5450,p3,1436,0.000169498,-19.8475,-20
0,5500,p3,1481,0.000155917,-20.0258,-20
0,5550,p3,1228,0.000160102,-20.0023,-20
0,5600,p3,1385,0.000164125,-20.0148,-20
