replicate,gen,pop-id,pop-size,hetero,mean-phenotype,optimal-phenotype
0,5011,p3,29,4.86742e-05,-36.6734,-30
0,5011,p3,29,4.86742e-05,-36.6734,-30
0,5012,p3,59,4.86082e-05,-36.4488,-30
0,5012,p3,59,4.86082e-05,-36.4488,-30
0,5013,p3,89,4.93082e-05,-36.7048,-30
0,5013,p3,89,4.93082e-05,-36.7048,-30
