replicate,gen,pop-id,pop-size,hetero,mean-phenotype,optimal-phenotype
0,5011,p3,20,8.05875e-05,13.2346,-100
0,5011,p3,20,8.05875e-05,13.2346,-100
0,5012,p3,40,8.42906e-05,13.8391,-100
0,5012,p3,40,8.42906e-05,13.8391,-100
0,5013,p3,57,8.35165e-05,13.9764,-100
0,5013,p3,50,8.2366e-05,13.9366,-100
0,5014,p3,129,8.4467e-05,13.6004,-100
0,5014,p3,121,8.44669e-05,13.4971,-100
0,5015,p3,261,8.26125e-05,13.9151,-100
0,5015,p3,189,8.27856e-05,14.0073,-100
0,5016,p3,342,9.0586e-05,13.9185,-100
0,5016,p3,200,9.50891e-05,13.7998,-100
0,5017,p3,342,8.81699e-05,13.5422,-100
0,5017,p3,192,8.16123e-05,13.3527,-100
