replicate,gen,pop-id,pop-size,hetero,mean-phenotype,optimal-phenotype
0,5050,p3,95,4.40222e-05,-4.91833,-30
0,5100,p3,150,1.82191e-05,-4.25595,-30
0,5150,p3,165,3.22275e-05,-3.96189,-30
0,5200,p3,148,1.84359e-05,-4.28498,-30
0,5250,p3,81,1.64335e-05,-2.05917,-30
0,5300,p3,129,3.05781e-05,-3.18585,-30
0,5350,p3,158,2.6936e-05,-1.14577,-30
0,5400,p3,77,4.21336e-05,-1.3043,-30
0,5450,p3,137,6.00069e-05,-1.60441,-30
0,5500,p3,112,8.47473e-05,-0.353374,-30
0,5550,p3,108,6.53421e-05,0.716054,-30
0,5600,p3,121,3.6226e-05,-0.518097,-30
