replicate,gen,pop-id,pop-size,hetero,mean-phenotype,optimal-phenotype
0,5050,p3,172,5.34084e-05,29.6537,-30
0,5100,p3,146,0.000103487,27.9734,-30
0,5150,p3,140,8.66194e-05,30.7092,-30
0,5200,p3,88,2.54177e-05,30.7557,-30
0,5250,p3,117,3.0301e-05,30.6619,-30
0,5300,p3,154,2.95024e-05,30.0546,-30
0,5350,p3,137,3.20553e-05,31.555,-30
0,5400,p3,108,4.24053e-05,31.748,-30
0,5450,p3,124,3.09873e-05,30.911,-30
0,5500,p3,159,4.87247e-05,30.9884,-30
0,5550,p3,101,1.66641e-05,30.4518,-30
0,5600,p3,185,2.14884e-05,31.2929,-30
