replicate,gen,pop-id,pop-size,hetero,mean-phenotype,optimal-phenotype
0,5011,p3,47,2.88139e-05,33.5104,-100
0,5011,p3,47,2.88139e-05,33.5104,-100
0,5012,p3,94,3.10859e-05,33.5461,-100
0,5012,p3,82,3.06477e-05,33.5465,-100
