replicate,gen,pop-id,pop-size,hetero,mean-phenotype,optimal-phenotype
0,5050,p3,159,5.33539e-05,7.14129,-50
0,5100,p3,177,6.24075e-05,6.15401,-50
0,5150,p3,150,6.16744e-05,4.99592,-50
0,5200,p3,135,5.34804e-05,3.99939,-50
0,5250,p3,133,6.41161e-05,3.68594,-50
0,5300,p3,124,9.36066e-05,3.25754,-50
0,5350,p3,151,0.000108306,4.08873,-50
0,5400,p3,138,4.20692e-05,3.02594,-50
0,5450,p3,112,3.53643e-05,0.258937,-50
0,5500,p3,128,5.77481e-05,1.92956,-50
0,5550,p3,122,5.31352e-05,3.3505,-50
0,5600,p3,95,3.81086e-05,6.48083,-50
