replicate,gen,pop-id,pop-size,hetero,mean-phenotype,optimal-phenotype
0,5011,p3,50,1.2094e-05,-30.8017,-20
0,5011,p3,50,1.2094e-05,-30.8017,-20
0,5012,p3,96,1.21902e-05,-30.9107,-20
0,5012,p3,96,1.21902e-05,-30.9107,-20
0,5013,p3,146,1.23518e-05,-30.7602,-20
0,5013,p3,128,1.24124e-05,-30.7213,-20
0,5014,p3,306,1.25684e-05,-30.8197,-20
0,5014,p3,278,1.26775e-05,-30.8246,-20
0,5015,p3,611,1.37088e-05,-30.8192,-20
0,5015,p3,444,1.41616e-05,-30.7449,-20
