replicate,gen,pop-id,pop-size,hetero,mean-phenotype,optimal-phenotype
0,5050,p3,1161,8.20471e-05,-27.7232,-30
0,5100,p3,1365,6.89724e-05,-30.2205,-30
0,5150,p3,1377,7.50955e-05,-30.0376,-30
0,5200,p3,1327,6.30346e-05,-29.8354,-30
0,5250,p3,1339,7.20347e-05,-30.1703,-30
0,5300,p3,1280,7.58639e-05,-29.9477,-30
0,5350,p3,1412,8.08653e-05,-29.7725,-30
0,5400,p3,1370,8.45466e-05,-30.0272,-30
0,5450,p3,1289,8.59263e-05,-30.1113,-30
0,5500,p3,1335,9.22615e-05,-29.9466,-30
0,5550,p3,1263,0.000122142,-29.9412,-30
0,5600,p3,1250,0.000126506,-30.0059,-30
