replicate,gen,pop-id,pop-size,hetero,mean-phenotype,optimal-phenotype
0,5050,p3,165,4.59611e-05,3.16985,-50
0,5100,p3,110,6.67992e-05,3.45543,-50
0,5150,p3,106,6.85035e-05,1.78637,-50
0,5200,p3,140,6.03668e-05,1.26773,-50
0,5250,p3,117,4.36694e-05,2.63084,-50
0,5300,p3,130,7.13178e-05,3.00501,-50
0,5350,p3,121,5.04764e-05,3.32708,-50
0,5400,p3,135,6.43473e-05,1.63968,-50
0,5450,p3,162,7.09625e-05,2.42292,-50
0,5500,p3,120,6.38458e-05,3.50747,-50
0,5550,p3,116,5.66948e-05,6.75447,-50
0,5600,p3,100,4.02875e-05,8.03437,-50
