replicate,gen,pop-id,pop-size,hetero,mean-phenotype,optimal-phenotype
0,5011,p3,40,5.81687e-05,-39.3807,-100
0,5011,p3,40,5.81687e-05,-39.3807,-100
0,5012,p3,80,7.27227e-05,-40.5253,-100
0,5012,p3,69,7.45642e-05,-40.7493,-100
0,5013,p3,107,6.568e-05,-40.0543,-100
0,5013,p3,87,6.10233e-05,-39.7281,-100
