replicate,gen,pop-id,pop-size,hetero,mean-phenotype,optimal-phenotype
0,5050,p3,171,5.23667e-05,3.45075,-30
0,5100,p3,136,4.57496e-05,2.75522,-30
0,5150,p3,133,3.51843e-05,1.33389,-30
0,5200,p3,172,3.49682e-05,1.63132,-30
0,5250,p3,133,4.65066e-05,2.11898,-30
0,5300,p3,154,6.54004e-05,1.75885,-30
0,5350,p3,121,7.65685e-05,0.952649,-30
0,5400,p3,88,7.15425e-05,2.55039,-30
0,5450,p3,168,6.43638e-05,2.95872,-30
0,5500,p3,148,6.77424e-05,3.05657,-30
0,5550,p3,126,5.97717e-05,4.64208,-30
0,5600,p3,172,6.31706e-05,6.13678,-30
