replicate,gen,pop-id,pop-size,hetero,mean-phenotype,optimal-phenotype
0,5011,p3,52,5.22911e-05,-21.9696,-50
0,5011,p3,52,5.22911e-05,-21.9696,-50
0,5012,p3,107,5.08804e-05,-21.6869,-50
0,5012,p3,88,5.01033e-05,-21.6458,-50
0,5013,p3,146,5.08904e-05,-21.2913,-50
0,5013,p3,105,5.1659e-05,-21.1937,-50
