replicate,gen,pop-id,pop-size,hetero,mean-phenotype,optimal-phenotype
0,5011,p3,60,5.32986e-05,-3.55875,-30
0,5011,p3,60,5.32986e-05,-3.55875,-30
0,5012,p3,120,6.71948e-05,-4.65605,-30
0,5012,p3,90,6.78593e-05,-4.78964,-30
0,5013,p3,147,6.77442e-05,-4.97748,-30
0,5013,p3,105,6.1956e-05,-4.56805,-30
