replicate,gen,pop-id,pop-size,hetero,mean-phenotype,optimal-phenotype
0,5050,p3,129,3.85376e-05,2.2347,-50
0,5100,p3,129,4.79442e-05,1.88451,-50
0,5150,p3,147,5.09549e-05,-1.02063,-50
0,5200,p3,119,3.76654e-05,-1.50475,-50
0,5250,p3,147,2.45095e-05,-2.69859,-50
0,5300,p3,130,3.64825e-05,-5.54772,-50
0,5350,p3,123,4.06732e-05,-6.45514,-50
0,5400,p3,156,4.27281e-05,-5.46135,-50
0,5450,p3,165,6.56784e-05,-6.97301,-50
0,5500,p3,109,4.33814e-05,-6.7187,-50
0,5550,p3,169,1.79495e-05,-5.55288,-50
0,5600,p3,128,2.59949e-05,-6.14147,-50
