replicate,gen,pop-id,pop-size,hetero,mean-phenotype,optimal-phenotype
0,5050,p3,84,3.30272e-05,9.732,-10
0,5100,p3,165,3.92865e-05,8.92037,-10
0,5150,p3,142,3.32367e-05,3.64664,-10
0,5200,p3,1044,3.27559e-05,-6.11186,-10
0,5250,p3,1335,4.52181e-05,-9.93439,-10
0,5300,p3,1201,6.91588e-05,-10.0477,-10
0,5350,p3,1271,8.33843e-05,-10.0553,-10
0,5400,p3,1281,8.24818e-05,-9.73998,-10
0,5450,p3,1428,7.83361e-05,-9.91314,-10
0,5500,p3,1341,8.2042e-05,-9.93755,-10
0,5550,p3,1264,8.01793e-05,-9.96077,-10
0,5600,p3,1429,9.45639e-05,-9.82326,-10
