replicate,gen,pop-id,pop-size,hetero,mean-phenotype,optimal-phenotype
0,5050,p3,80,5.67047e-05,30.5377,-30
0,5100,p3,117,3.68321e-05,30.6608,-30
0,5150,p3,148,5.56118e-05,34.2495,-30
0,5200,p3,102,5.45492e-05,37.8321,-30
0,5250,p3,182,5.35803e-05,35.3601,-30
0,5300,p3,106,5.04744e-05,34.1232,-30
0,5350,p3,172,6.55425e-05,35.6204,-30
0,5400,p3,118,3.72652e-05,29.2644,-30
0,5450,p3,157,3.94253e-05,28.0869,-30
0,5500,p3,161,3.17362e-05,27.9926,-30
0,5550,p3,122,1.97729e-05,29.0296,-30
0,5600,p3,128,3.32706e-05,29.35,-30
