replicate,gen,pop-id,pop-size,hetero,mean-phenotype,optimal-phenotype
0,5011,p3,45,5.87309e-05,-28.27,-50
0,5011,p3,45,5.87309e-05,-28.27,-50
0,5012,p3,95,6.08094e-05,-28.1179,-50
0,5012,p3,78,6.16116e-05,-27.9861,-50
