replicate,gen,pop-id,pop-size,hetero,mean-phenotype,optimal-phenotype
0,5011,p3,40,9.71625e-05,1.43195,-100
0,5011,p3,40,9.71625e-05,1.43195,-100
0,5012,p3,72,9.79061e-05,1.24471,-100
0,5012,p3,60,9.75972e-05,1.30367,-100
0,5013,p3,100,9.67915e-05,1.39108,-100
0,5013,p3,81,9.62902e-05,1.48226,-100
