replicate,gen,pop-id,pop-size,hetero,mean-phenotype,optimal-phenotype
0,5050,p3,188,2.21212e-05,29.7804,-30
0,5100,p3,139,3.18004e-05,28.0615,-30
0,5150,p3,135,3.84206e-05,27.8514,-30
0,5200,p3,120,3.80997e-05,28.3778,-30
0,5250,p3,174,4.75177e-05,29.0498,-30
0,5300,p3,115,5.41977e-05,28.7737,-30
0,5350,p3,98,5.67024e-05,27.6923,-30
0,5400,p3,164,7.2249e-05,29.041,-30
0,5450,p3,136,7.65447e-05,30.1145,-30
0,5500,p3,114,5.23299e-05,32.292,-30
0,5550,p3,145,2.10763e-05,29.9503,-30
0,5600,p3,132,3.64675e-05,28.8363,-30
