replicate,gen,pop-id,pop-size,hetero,mean-phenotype,optimal-phenotype
0,5050,p3,108,4.25e-05,20.1346,-20
0,5100,p3,87,1.949e-05,19.9151,-20
0,5150,p3,148,3.07681e-05,19.8299,-20
0,5200,p3,139,4.95254e-05,19.4034,-20
0,5250,p3,129,3.67087e-05,20.4714,-20
0,5300,p3,187,5.12992e-05,21.0199,-20
0,5350,p3,147,6.51597e-05,22.1709,-20
0,5400,p3,91,3.83347e-05,21.7354,-20
0,5450,p3,156,9.2846e-06,20.3837,-20
0,5500,p3,114,2.28797e-05,20.6832,-20
0,5550,p3,124,2.4627e-05,20.9604,-20
0,5600,p3,117,2.7532e-05,20.2559,-20
