replicate,gen,pop-id,pop-size,hetero,mean-phenotype,optimal-phenotype
0,5050,p3,138,0.000162429,16.7408,-20
0,5100,p3,90,0.000153749,16.2273,-20
0,5150,p3,93,0.000155268,14.6304,-20
0,5200,p3,138,7.52896e-05,12.9342,-20
0,5250,p3,122,4.41924e-05,13.8312,-20
0,5300,p3,117,4.21941e-05,12.8619,-20
0,5350,p3,123,5.49927e-05,12.969,-20
0,5400,p3,118,7.19341e-05,11.2457,-20
0,5450,p3,94,5.73483e-05,9.94042,-20
0,5500,p3,103,9.55222e-05,9.39018,-20
0,5550,p3,120,8.66823e-05,6.03408,-20
0,5600,p3,171,3.70664e-05,4.70178,-20
