replicate,gen,pop-id,pop-size,hetero,mean-phenotype,optimal-phenotype
0,5011,p3,50,9.5036e-05,2.38544,-50
0,5011,p3,50,9.5036e-05,2.38544,-50
0,5012,p3,100,9.53535e-05,2.22545,-50
0,5012,p3,79,9.42421e-05,2.20459,-50
0,5013,p3,129,9.00216e-05,2.49967,-50
0,5013,p3,93,8.99977e-05,2.83286,-50
0,5014,p3,259,9.25966e-05,2.64674,-50
0,5014,p3,222,9.30839e-05,2.49669,-50
0,5015,p3,456,9.52428e-05,2.44779,-50
0,5015,p3,279,9.74399e-05,2.47891,-50
0,5016,p3,449,9.81381e-05,2.51463,-50
0,5016,p3,219,9.68312e-05,2.47579,-50
0,5017,p3,349,9.24019e-05,2.21594,-50
0,5017,p3,175,8.50583e-05,1.9273,-50
0,5018,p3,329,8.09189e-05,1.81181,-50
0,5018,p3,200,7.68226e-05,1.68952,-50
0,5019,p3,318,8.38674e-05,1.99245,-50
0,5019,p3,166,8.8969e-05,2.2736,-50
0,5020,p3,275,8.94559e-05,2.20694,-50
0,5020,p3,165,8.9425e-05,2.23834,-50
