replicate,gen,pop-id,pop-size,hetero,mean-phenotype,optimal-phenotype
0,5011,p3,40,5.20719e-05,5.50687,-20
0,5011,p3,40,5.20719e-05,5.50687,-20
0,5012,p3,76,4.89612e-05,5.13351,-20
0,5012,p3,66,4.70374e-05,4.91144,-20
