replicate,gen,pop-id,pop-size,hetero,mean-phenotype,optimal-phenotype
0,5011,p3,50,3.4484e-05,-10.1247,-100
0,5011,p3,50,3.4484e-05,-10.1247,-100
0,5012,p3,100,3.56165e-05,-9.757,-100
0,5012,p3,84,3.58284e-05,-9.63469,-100
