replicate,gen,pop-id,pop-size,hetero,mean-phenotype,optimal-phenotype
0,5050,p3,135,1.76439e-05,19.8851,-20
0,5100,p3,128,2.74713e-05,19.0211,-20
0,5150,p3,110,3.8476e-05,18.7887,-20
0,5200,p3,157,5.55438e-05,16.5072,-20
0,5250,p3,170,6.53528e-05,16.3682,-20
0,5300,p3,151,7.38946e-05,18.3718,-20
0,5350,p3,142,6.35429e-05,18.413,-20
0,5400,p3,125,6.32282e-05,18.2237,-20
0,5450,p3,166,7.24931e-05,17.2862,-20
0,5500,p3,132,7.10755e-05,17.5078,-20
0,5550,p3,146,8.08456e-05,17.7355,-20
0,5600,p3,171,8.19613e-05,18.4048,-20
