replicate,gen,pop-id,pop-size,hetero,mean-phenotype,optimal-phenotype
0,5050,p3,1157,5.96159e-05,-15.7109,-20
0,5100,p3,1216,7.53172e-05,-19.9756,-20
0,5150,p3,1341,8.42047e-05,-19.6999,-20
0,5200,p3,1415,9.54452e-05,-19.982,-20
0,5250,p3,1452,8.87761e-05,-19.9952,-20
0,5300,p3,1364,8.15523e-05,-20.0449,-20
0,5350,p3,1293,8.62833e-05,-20.001,-20
0,5400,p3,1368,0.000102265,-20.1798,-20
0,5450,p3,1359,0.000115494,-20.0822,-20
0,5500,p3,1243,0.000137372,-20.0509,-20
0,5550,p3,1458,0.000127859,-20.038,-20
0,5600,p3,1395,0.000122197,-19.9547,-20
