replicate,gen,pop-id,pop-size,hetero,mean-phenotype,optimal-phenotype
0,5050,p3,127,2.37953e-05,1.25318,-30
0,5100,p3,140,2.84151e-05,2.01839,-30
0,5150,p3,133,2.88798e-05,3.79218,-30
0,5200,p3,106,3.32107e-05,4.53844,-30
0,5250,p3,157,5.5327e-05,4.69127,-30
0,5300,p3,115,4.78064e-05,6.34283,-30
0,5350,p3,159,7.55376e-05,3.94238,-30
0,5400,p3,182,5.27251e-05,9.89251,-30
0,5450,p3,120,2.71181e-05,10.736,-30
0,5500,p3,141,3.65045e-05,10.4742,-30
0,5550,p3,123,5.05232e-05,10.1092,-30
0,5600,p3,133,3.72927e-05,9.40262,-30
