replicate,gen,pop-id,pop-size,hetero,mean-phenotype,optimal-phenotype
0,5050,p3,151,5.9766e-05,27.3933,-30
0,5100,p3,111,4.6678e-05,27.6206,-30
0,5150,p3,139,3.06436e-05,25.5735,-30
0,5200,p3,158,5.03435e-05,27.9246,-30
0,5250,p3,150,3.32829e-05,27.7117,-30
0,5300,p3,119,5.50141e-05,29.8075,-30
0,5350,p3,177,4.10114e-05,31.1746,-30
0,5400,p3,133,5.66278e-05,29.4373,-30
0,5450,p3,97,8.50112e-05,29.6252,-30
0,5500,p3,149,9.67366e-05,28.9857,-30
0,5550,p3,122,6.45058e-05,28.7835,-30
0,5600,p3,164,9.52378e-05,29.4486,-30
